ListingID,Vehicle_Trim
8622015,FWD
8625693,Limited
8625750,Limited
8626885,Limited
8627430,Luxury
8629427,Limited
8629962,Limited
8630638,Limited
8630762,Limited
8630863,Luxury
8632283,Limited
8636188,Base
8639022,Luxury
8639992,Base
8642278,Luxury
8645005,Luxury
8647894,Luxury
8649794,unknown
8649823,Limited
8649882,Limited
8649990,Limited
8650124,unknown
8650801,Limited
8651224,Luxury
8652632,Luxury
8653006,Limited
8658883,Luxury
8659342,Luxury
8662383,Limited
8669384,Limited
8671524,Limited
8672026,Luxury
8672257,unknown
8673950,Limited
8675453,FWD
8676143,Limited
8676310,Luxury
8678580,Limited
8679149,Limited
8679547,FWD
8680063,Luxury
8681351,Limited
8682130,Base
8685178,Limited
8685494,Limited
8688404,Limited
8689262,FWD
8690508,Luxury
8696312,Limited
8696425,Limited
8696729,Luxury
8698318,Limited
8699866,Limited
8700680,Limited
8700782,Limited
8701052,Limited
8703303,Limited
8703314,Limited
8703687,Limited
8705829,Limited
8708177,Limited
8708997,Limited
8713194,Limited
8713551,Base
8715315,Limited
8718421,Limited
8718892,Limited
8719459,Base
8719843,Limited
8721367,Luxury
8722856,Luxury
8723145,Limited
8725197,Limited
8726207,Limited
8728341,Luxury
8731070,Limited
8731778,Luxury
8732502,Luxury
8733105,Limited
8733348,Limited
8734134,Limited
8735199,Limited
8736941,Limited
8737138,Limited
8737369,Limited
8738278,unknown
8738997,Limited
8740256,Limited
8741052,Limited
8741622,Limited
8741675,Luxury
8742122,Limited
8743684,FWD
8744434,Limited
8744823,Luxury
8745530,Luxury
8748844,Base
8748971,Limited
8751027,Limited
8752468,Limited
8755014,Luxury
8755163,Limited
8755667,Limited
8757996,Limited
8762626,Luxury
8762667,unknown
8762899,Limited
8763751,Limited
8763821,Limited
8767336,unknown
8770094,Limited
8771103,Base
8773520,Luxury
8773530,Luxury
8775044,Limited
8776271,Limited
8778248,Limited
8778777,Limited
8779975,Limited
8780968,Limited
8782307,Limited
8783572,Limited
8784312,Limited
8790084,Limited
8792211,Limited
8792689,Luxury
8792800,Limited
8793492,Luxury
8797652,Limited
8798473,Luxury
8799598,Limited
8801810,Limited
8802118,Luxury
8803116,Limited
8805222,Limited
8807647,Base
8808078,Luxury
8808734,Limited
8809036,Luxury
8811046,Limited
8813660,Luxury
8814784,FWD
8818148,Base
8819312,Limited
8821060,Limited
8823290,Luxury
8828095,unknown
8832252,Luxury
8836683,Limited
8838453,Limited
8839066,Limited
8839861,Limited
8839864,Luxury
8841105,Limited
8842094,Limited
8845024,Base
8845396,Limited
8846821,Limited
8847220,Limited
8847884,Limited
8847947,Limited
8848060,Limited
8848606,Limited
8848800,Limited
8849033,Limited
8852187,Limited
8857498,Limited
8859142,Luxury
8861403,Luxury
8862061,FWD
8862218,Limited
8862750,Limited
8863636,Luxury
8864098,unknown
8865317,Limited
8865375,Limited
8866160,Base
8867911,Limited
8868384,Limited
8870124,Limited
8871316,Limited
8872677,Limited
8873741,Limited
8874489,Luxury
8875281,Limited
8877653,Limited
8878860,Limited
8879286,Limited
8880654,Limited
8882429,Base
8883832,Limited
8885361,Base
8886631,Limited
8887290,Base
8890811,Luxury
8892726,Limited
8894998,Luxury
8896259,Limited
8896844,unknown
8903053,Limited
8905309,Limited
8906089,Limited
8907261,FWD
8910880,Limited
8913457,Limited
8920706,Luxury
8923341,Luxury
8924317,Luxury
8924690,Base
8926643,Base
8928406,Limited
8929742,Limited
8929926,Limited
8930808,Limited
8930937,Limited
8931778,Limited
8933685,Base
8935770,Limited
8936232,Limited
8937100,Luxury
8938334,Limited
8940238,Luxury
8941520,Base
8944605,FWD
8944956,Limited
8945051,Luxury
8949014,Luxury
8951785,unknown
8957202,Limited
8958712,Limited
8960658,Limited
8960735,Limited
8963273,Limited
8966676,Limited
8967424,Limited
8967637,Limited
8967902,Limited
8968163,Luxury
8969162,Luxury
8971572,Luxury
8972588,Limited
8976359,Limited
8976371,Luxury
8976437,Luxury
8979434,Luxury
8979469,Luxury
8980551,Base
8980749,Luxury
8981516,Limited
8982552,Limited
8984869,Luxury
8984886,Limited
8985319,Limited
8987377,Luxury
8988647,Luxury
8989401,Luxury
8989494,Limited
8989771,FWD
8993533,Base
8993574,Limited
8993779,Limited
8994009,Limited
8994339,Limited
8997357,Limited
8997534,Limited
8998013,Limited
8998041,Limited
8998527,Limited
9000926,FWD
9001197,Limited
9002267,Limited
9002378,Limited
9003336,Limited
9003353,Limited
9004390,unknown
9005176,Limited
9005700,Limited
9006012,Limited
9006888,Limited
9009050,Limited
9009618,FWD
9018245,Luxury
9019956,Base
9020324,Luxury
9021560,Limited
9021681,Luxury
9022238,Luxury
9024615,Luxury
9025682,unknown
9030876,Luxury
9031240,Limited
9032058,Luxury
9034543,Luxury
9037800,Luxury
9038397,Limited
9038455,Limited
9038802,Luxury
9038889,Limited
9039104,Limited
9040014,Base
9040581,Base
9043405,Limited
9043904,Limited
9044473,Limited
9048718,Limited
9048813,Limited
9049928,Limited
9050020,Limited
9050273,Limited
9051265,Limited
9051375,Limited
9052319,Base
9053023,Luxury
9055610,Base
9056031,Base
9060576,Limited
9060896,Limited
9061361,Luxury
9063801,Luxury
9065153,Limited
9065272,Limited
9067108,Limited
9067249,Luxury
9067913,Limited
9067931,Limited
9070414,Luxury
9070431,unknown
9070592,Luxury
9074675,FWD
9074782,Luxury
9077227,Limited
9078285,Limited
9078777,Limited
9079178,Luxury
9080568,Limited
9080676,Limited
9082149,unknown
9083142,Limited
9083654,Limited
9084099,Luxury
9084596,Limited
9087633,Luxury
9088302,Limited
9088333,Limited
9088611,Limited
9089357,Limited
9092809,Limited
9093790,Limited
9096073,Limited
9096556,Base
9096740,Limited
9098371,Limited
9099031,unknown
9100307,Limited
9102600,Limited
9103916,Base
9105572,Luxury
9108300,Luxury
9108504,Limited
9108532,Limited
9108837,Limited
9109461,Luxury
9110002,Limited
9110594,Limited
9111335,Limited
9112122,Limited
9112139,Limited
9115717,Limited
9116165,Limited
9116447,Luxury
9117322,Limited
9118862,unknown
9122119,Limited
9125141,Limited
9126405,Base
9126954,Limited
9127201,Limited
9131317,Luxury
9133826,Limited
9134284,Limited
9138262,Limited
9138408,Base
9142011,Limited
9142196,Limited
9142824,Limited
9145797,Limited
9148363,Luxury
9148497,Limited
9151664,FWD
9153222,Luxury
9153395,Limited
9154630,Limited
9154757,Limited
9155976,Limited
9156589,unknown
9157538,Limited
9158065,Limited
9159500,Limited
9161325,Limited
9161363,Limited
9162696,Limited
9163609,Luxury
9165110,Luxury
9165528,Limited
9166667,Limited
9168313,Limited
9175064,Limited
9175577,Limited
9176535,Limited
9176968,Base
9177500,Limited
9179174,Base
9180263,Limited
9180366,Luxury
9181440,Limited
9184406,Luxury
9184446,Luxury
9184811,Luxury
9185292,Limited
9187600,unknown
9189836,Luxury
9190386,Limited
9191124,Limited
9198908,Limited
9199402,Luxury
9201396,Luxury
9201772,FWD
9202906,Luxury
9204978,unknown
9205683,Limited
9205963,Limited
9208325,Limited
9209502,Limited
9210570,unknown
9211215,Limited
9212070,Limited
9212628,Limited
9214151,Limited
9216143,Limited
9216524,Limited
9221500,Limited
9221860,Luxury
9222935,Luxury
9225066,Luxury
9226313,Limited
9227793,Limited
9228294,unknown
9229637,Limited
9230853,Luxury
9231088,Limited
9231674,Luxury
9231781,Luxury
9238857,Base
9241003,Base
9242507,Limited
9243259,Limited
9244075,Limited
9245079,Base
9247020,Luxury
9248796,Limited
9255465,Limited
9256112,Luxury
9256179,Limited
9257609,Luxury
9257753,Limited
9258803,Luxury
9259597,Limited
9261644,FWD
9261697,Luxury
9267286,Limited
9267307,Limited
9269873,Limited
9270439,Limited
9270892,unknown
9271545,Limited
9272064,Luxury
9273751,Limited
9273764,Luxury
9274489,Base
9276715,Luxury
9276772,Base
9278058,Limited
9278230,Limited
9278931,Luxury
9279613,Luxury
9281095,Limited
9281526,Limited
9284184,Limited
9285590,unknown
9286400,Limited
9287668,Limited
9287830,Limited
9287891,Luxury
9289738,Base
9290266,Limited
9291113,unknown
9292405,Limited
9293744,Limited
9294807,Limited
9296899,Limited
9298636,Luxury
9299234,Limited
9299327,Limited
9300154,Luxury
9302093,Limited
9302171,Limited
9303405,Limited
9305556,Limited
9306235,Limited
9307526,Limited
9308276,Limited
9308829,Limited
9308919,Limited
9310321,Limited
9310601,Limited
9311418,Limited
9311726,Luxury
9312585,Limited
9313322,unknown
9313371,Limited
9314071,Limited
9314333,Limited
9315077,Luxury
9317289,Limited
9318446,Base
9321548,Luxury
9323060,Luxury
9325988,Limited
9326711,Limited
9328714,Limited
9331224,Limited
9331973,Limited
9331993,Limited
9332127,Limited
9332548,Limited
9334190,Limited
9334482,Luxury
9334797,Limited
9336299,Luxury
9337350,Limited
9340996,Limited
9341463,unknown
9342474,unknown
9343479,Limited
9344327,Limited
9346448,Luxury
9346974,Luxury
9349474,Limited
9350169,Limited
9350208,Base
9353647,Limited
9355673,Limited
9356687,FWD
9357732,Limited
9359046,Limited
9359070,Luxury
9359187,Luxury
9360069,Limited
9361297,Limited
9362852,Limited
9372100,Limited
9372143,Luxury
9374068,Luxury
9374429,Luxury
9375434,Limited
9376862,Limited
9380881,Limited
9382478,Base
9383650,Limited
9383723,Limited
9384867,Base
9384931,Limited
9386764,Base
9386786,Limited
9386835,unknown
9386843,Luxury
9386963,Limited
9387144,Luxury
9388119,Luxury
9388414,Limited
9390822,Luxury
9394710,unknown
9394802,Base
9396608,Limited
9399912,Luxury
9402840,Limited
9403538,Limited
9404019,Limited
9405729,Base
9406626,Limited
9407834,Limited
9408368,Base
9410983,unknown
9411546,unknown
9414899,Limited
9417109,Base
9418608,Limited
9419547,Limited
9421271,Limited
9423549,Luxury
9424292,Luxury
9425728,Luxury
9432063,Luxury
9432150,Luxury
9432218,Luxury
9432761,Limited
9435458,Limited
9435670,Luxury
9435846,Luxury
9438211,Limited
9440729,Base
9441094,Limited
9443896,Limited
9443922,Limited
9444222,Limited
9444388,Base
9444848,Luxury
9445337,Limited
9446619,Limited
9448529,Limited
9450048,Base
9450751,Limited
9451732,Limited
9454054,unknown
9455252,Limited
9456585,Limited
9460708,Luxury
9462283,Limited
9463348,Luxury
9464422,Limited
9464585,Limited
9464719,Limited
9467514,Limited
9472360,unknown
9474459,Limited
9474750,Limited
9475171,Luxury
9477236,Limited
9482025,Limited
9485165,Limited
9487025,Limited
9487552,Limited
9487577,Limited
9490127,Limited
9490897,Luxury
9492101,unknown
9493372,Limited
9494023,Limited
9495597,Luxury
9496706,Limited
9498477,Limited
9499011,Limited
9499698,Limited
9500985,Limited
9502677,Limited
9502935,Limited
9503387,unknown
9503413,FWD
9503423,Limited
9504536,Limited
9504709,Limited
9505762,Limited
9508315,Limited
9509424,Limited
9512671,Limited
9512733,Base
9513511,Limited
9515358,Limited
9517017,Luxury
9517175,Luxury
9517372,Limited
9518629,Limited
9522083,Base
9523971,Limited
9523991,unknown
9527207,Limited
9530383,Limited
9532434,Limited
9532775,Limited
9537015,Luxury
9539007,Limited
9539454,Limited
9541633,Limited
9542202,Limited
9544120,Limited
9547782,unknown
9547792,Limited
9547959,Limited
9549298,Luxury
9550322,Limited
9551141,Limited
9551522,Luxury
9552362,Limited
9557784,unknown
9563914,Limited
9566250,Limited
9567945,Base
9568754,Limited
9570432,Limited
9570590,Limited
9571660,Limited
9574542,Limited
9575542,Limited
9575585,Luxury
9579866,Luxury
9584997,Limited
9586236,Limited
9588071,Limited
9590202,FWD
9591796,Limited
9592254,Base
9593503,Limited
9594425,Limited
9596121,Limited
9598327,Limited
9598503,Limited
9599347,Limited
9600145,Luxury
9600351,Limited
9600982,Limited
9601191,Limited
9603239,Limited
9604188,Base
9604524,Luxury
9604540,Luxury
9604591,Luxury
9606466,Limited
9606938,Base
9608410,Limited
9608595,Limited
9610659,Luxury
9612498,Limited
9613453,Luxury
9614849,Base
9616604,Limited
9617768,Limited
9618189,Limited
9618196,Limited
9618810,Luxury
9619009,unknown
9621889,unknown
9623618,Limited
9624228,Limited
9624785,Limited
9627868,Luxury
9634453,Base
9637076,Limited
9639041,Limited
9640476,Limited
9643148,Limited
9648369,Limited
9649145,Limited
9650586,Limited
9652429,Luxury
9653557,Limited
9654384,Limited
9655322,FWD
9658383,Base
9659876,Limited
9659947,Limited
9660660,Base
9661439,Limited
9662394,Limited
9663663,Base
9663771,Luxury
9668632,Base
9669919,Luxury
9672644,Luxury
9673021,Limited
9673166,unknown
9673966,Limited
9674536,Luxury
9679724,Luxury
9680331,Limited
9680722,Limited
9680868,Limited
9681212,Limited
9682286,Limited
9682472,Luxury
9684350,Luxury
9687504,Limited
9689691,Limited
9693139,Limited
9693143,Limited
9693471,unknown
9694325,Limited
9695257,Limited
9696794,Luxury
9697635,Luxury
9697732,Limited
9698726,Limited
9699502,Limited
9700132,Limited
9700320,Base
9703648,Limited
9704783,unknown
9706745,Limited
9709101,unknown
9710291,Limited
9714044,Base
9714621,Limited
9714760,Luxury
9714803,Luxury
9714950,Limited
9718755,Luxury
9719565,Limited
9720612,Limited
9721521,Luxury
9721843,Limited
9722112,Base
9726988,Limited
9728527,Limited
9730368,Limited
9736392,Limited
9737171,Base
9741502,Luxury
9744378,Luxury
9744754,Luxury
9745918,Limited
9748003,Limited
9749176,Luxury
9749658,Limited
9751553,Luxury
9752395,Luxury
9755918,unknown
9756268,Luxury
9757502,Limited
9757910,Base
9758672,Limited
9758713,Limited
9758815,Limited
9761214,Limited
9761664,Limited
9762665,Limited
9763503,Limited
9763720,Limited
9767161,Limited
9767619,Luxury
9767642,Luxury
9767922,Luxury
9768562,unknown
9769468,Limited
9769938,Limited
9770071,Limited
9771030,Luxury
9775163,Limited
9777766,Luxury
9780161,unknown
9780517,Limited
9780810,Limited
9783292,Limited
9783398,Limited
9783644,Base
9785606,Limited
9786517,Limited
9786874,Limited
9790578,Limited
9792541,Luxury
9792862,Limited
9793395,unknown
9794601,Limited
9795949,Luxury
9798391,Limited
9799795,Limited
9799832,Limited
9801393,Limited
9803130,Limited
9807617,Limited
9807943,unknown
9810438,Limited
9810549,Luxury
9810577,Limited
9810785,Luxury
9812088,Limited
9813156,Limited
9817426,Limited
9818272,Base
9819287,Limited
9821758,unknown
9821894,Luxury
9822715,Limited
9823076,Luxury
9824309,Limited
9828347,Base
9830391,Limited
9831099,Limited
9831484,Limited
9831900,Limited
9834794,Limited
9835745,Limited
9836065,Limited
9836140,Limited
9836628,FWD
9838402,Limited
9839769,Limited
9839930,unknown
9841470,Limited
9842004,Limited
9845972,Luxury
9846597,Limited
9848001,Luxury
9848461,Limited
9849719,Base
9854335,Limited
9855773,Base
9856130,Limited
9861769,Luxury
9864631,Limited
9868446,Limited
9869960,Base
9870294,Base
9870441,Limited
9875494,Limited
9876436,Base
9877857,Luxury
9878132,Base
9878825,Base
9881305,Limited
9881321,Limited
9882437,Limited
9883710,Luxury
9884080,Limited
9884166,Limited
9886305,Limited
9887535,Luxury
9892047,Limited
9892700,Limited
9895432,Luxury
9895563,Limited
9897154,Limited
9899447,Limited
9901013,Luxury
9903334,Limited
9904160,Limited
9904748,Luxury
9904894,Luxury
9905333,Limited
9905425,Limited
9906798,Limited
9907509,Limited
9908831,Limited
9911508,Limited
9911566,Limited
9914638,Luxury
9916194,Luxury
9919130,Limited
9919543,Limited
9919811,Luxury
9920606,Limited
9921843,Base
9922575,Limited
9923139,unknown
9923623,Limited
9926800,Limited
9927719,Limited
9928111,Limited
9929293,Limited
9930913,unknown
9931390,Limited
9933174,Limited
9933329,Limited
9934991,Luxury
9939359,Limited
9939688,Limited
9941824,Limited
9943742,Luxury
9944130,Limited
9945691,Limited
9948073,Base
9950820,Limited
9951165,Limited
9952697,Limited
9953049,Luxury
9957979,Base
9960120,Limited
9961717,Limited
9963214,Limited
9966074,Limited
9966158,Limited
9971337,Limited
9976374,Base
9977087,Limited
9977798,Limited
9979753,unknown
9981584,unknown
9983383,Limited
9983736,Limited
9986645,Limited
9986711,Limited
9987122,Limited
9987266,Limited
9987374,Luxury
9989599,Limited
9991651,Luxury
9992170,Limited
9992442,Limited
9993562,Luxury
9994646,Luxury
9997199,Limited
9999562,Luxury
